{
    "name": "Arduino Yun",
    "map": {
        "digital": {
            "pins": {
                "D0":  0,  "D1":  1,  "D2":  2,  "D3":  3, "D4": 4,
                "D5":  5,  "D6":  6,  "D7":  7,  "D8":  8, "D9": 9,
                "D10": 10, "D14": 14, "D15": 15, "D16": 16
            },
            "ops": [ "dr", "dw" ]
        },
        "analog": {
            "pins": {
                "A0": 18, "A1": 19, "A2": 20, "A3": 21,
                "A6": 24, "A7": 25, "A8": 26, "A9": 27, "A10": 28, "A11": 29
            },
            "ops": [ "dr", "dw", "ar" ],
            "arRange":[0, 1023]
        },
        "pwm": {
            "pins": [
                "D3", "D5", "D6", "D9", "D10", "D11", "D13"
            ],
            "ops": [ "aw" ],
            "awRange":[0, 255]
        },
        "virtual":  {
            "pinsRange": [ 0, 31 ],
            "ops": [ "vr", "vw" ]
        }
    }
}
