{
    "name": "LaunchPad CC3200",
    "map": {
        "digital": {
            "pins": {
                                    "2":  2,  "3":  3,  "4":  4,
                "5":  5,  "6":  6,  "7":  7,  "8":  8,  "9":  9,
                "10": 10, "11": 11, "12": 12, "13": 13, "14": 14,
                "15": 15,           "17": 17, "18": 18, "19": 19,
                                              "23": 23, "24": 24,
                                    "27": 27, "28": 28, "29": 29,
                "30": 30, "31": 31, "32": 32, "33": 33
            },
            "ops": [ "dr", "dw" ]
        },
        "analog": {
            "pins": {
                "2":  2,  "6":  6, "23": 23, "24": 24
            },
            "ops": [ "dr", "dw", "ar" ],
            "arRange": [ 0, 1023 ]
        },
        "pwm": {
            "pins": [
                "9",  "10", "29", "31"
            ],
            "ops": [ "aw" ],
            "awRange": [ 0, 255 ]
        },
        "virtual":  {
            "pinsRange": [ 0, 31 ],
            "ops": [ "vr", "vw" ]
        }
    }
}
